{
	"name": "ds_cases_deaths",
	"properties": {
		"linkedServiceName": {
			"referenceName": "AzureDataLakeStorage1",
			"type": "LinkedServiceReference"
		},
		"annotations": [],
		"type": "DelimitedText",
		"typeProperties": {
			"location": {
				"type": "AzureBlobFSLocation",
				"fileName": "cases_deaths.csv",
				"folderPath": "cases_deaths",
				"fileSystem": "raw"
			},
			"columnDelimiter": ",",
			"escapeChar": "\\",
			"firstRowAsHeader": true,
			"quoteChar": "\""
		},
		"schema": [
			{
				"name": "country",
				"type": "String"
			},
			{
				"name": "country_code",
				"type": "String"
			},
			{
				"name": "continent",
				"type": "String"
			},
			{
				"name": "population",
				"type": "String"
			},
			{
				"name": "indicator",
				"type": "String"
			},
			{
				"name": "daily_count",
				"type": "String"
			},
			{
				"name": "date",
				"type": "String"
			},
			{
				"name": "rate_14_day",
				"type": "String"
			},
			{
				"name": "source",
				"type": "String"
			}
		]
	},
	"type": "Microsoft.DataFactory/factories/datasets"
}