{
	"name": "ds_empsource_scdtype1",
	"properties": {
		"linkedServiceName": {
			"referenceName": "AzureDataLakeStorage1",
			"type": "LinkedServiceReference"
		},
		"annotations": [],
		"type": "DelimitedText",
		"typeProperties": {
			"location": {
				"type": "AzureBlobFSLocation",
				"fileName": "employees.csv",
				"folderPath": "input",
				"fileSystem": "mycontainer"
			},
			"columnDelimiter": ",",
			"escapeChar": "\\",
			"firstRowAsHeader": true,
			"quoteChar": "\""
		},
		"schema": [
			{
				"name": "empid",
				"type": "String"
			},
			{
				"name": "empname",
				"type": "String"
			},
			{
				"name": "gender",
				"type": "String"
			},
			{
				"name": "country",
				"type": "String"
			}
		]
	},
	"type": "Microsoft.DataFactory/factories/datasets"
}