{
	"name": "ds_empsql_typescd1",
	"properties": {
		"linkedServiceName": {
			"referenceName": "AzureSqlDatabase1",
			"type": "LinkedServiceReference"
		},
		"annotations": [],
		"type": "AzureSqlTable",
		"schema": [
			{
				"name": "empid",
				"type": "int",
				"precision": 10
			},
			{
				"name": "empname",
				"type": "varchar"
			},
			{
				"name": "gender",
				"type": "varchar"
			},
			{
				"name": "country",
				"type": "varchar"
			}
		],
		"typeProperties": {
			"schema": "dbo",
			"table": "employee"
		}
	},
	"type": "Microsoft.DataFactory/factories/datasets"
}