{
	"name": "ds_http",
	"properties": {
		"linkedServiceName": {
			"referenceName": "ls_http",
			"type": "LinkedServiceReference"
		},
		"parameters": {
			"fileName": {
				"type": "string"
			}
		},
		"annotations": [],
		"type": "DelimitedText",
		"typeProperties": {
			"location": {
				"type": "HttpServerLocation",
				"relativeUrl": {
					"value": "@concat('cloudboxacademy/covid19/main/ecdc_data/',dataset().fileName,'.csv')",
					"type": "Expression"
				}
			},
			"columnDelimiter": ",",
			"escapeChar": "\\",
			"firstRowAsHeader": true,
			"quoteChar": "\""
		},
		"schema": []
	},
	"type": "Microsoft.DataFactory/factories/datasets"
}