{
	"name": "ds_sales_csv_error",
	"properties": {
		"linkedServiceName": {
			"referenceName": "AzureDataLakeStorage1",
			"type": "LinkedServiceReference"
		},
		"annotations": [],
		"type": "DelimitedText",
		"typeProperties": {
			"location": {
				"type": "AzureBlobFSLocation",
				"fileName": "Global_Sales_2015 (1).csv",
				"folderPath": "input",
				"fileSystem": "mycontainer"
			},
			"columnDelimiter": ",",
			"escapeChar": "\\",
			"firstRowAsHeader": true,
			"quoteChar": "\""
		},
		"schema": [
			{
				"name": "OrderDate",
				"type": "String"
			},
			{
				"name": "Product",
				"type": "String"
			},
			{
				"name": "Quantity",
				"type": "String"
			},
			{
				"name": "CustomerName",
				"type": "String"
			},
			{
				"name": "Country",
				"type": "String"
			}
		]
	},
	"type": "Microsoft.DataFactory/factories/datasets"
}