{
	"name": "ds_sink_null",
	"properties": {
		"linkedServiceName": {
			"referenceName": "AzureSqlDatabase1",
			"type": "LinkedServiceReference"
		},
		"annotations": [],
		"type": "AzureSqlTable",
		"schema": [
			{
				"name": "id",
				"type": "int",
				"precision": 10
			},
			{
				"name": "SalePersonFName",
				"type": "varchar"
			},
			{
				"name": "SalePersonLName",
				"type": "varchar"
			},
			{
				"name": "ProductName",
				"type": "varchar"
			},
			{
				"name": "ItemsSold",
				"type": "int",
				"precision": 10
			},
			{
				"name": "SoldPrice",
				"type": "int",
				"precision": 10
			},
			{
				"name": "SoldDate",
				"type": "date"
			},
			{
				"name": "City",
				"type": "varchar"
			},
			{
				"name": "State",
				"type": "varchar"
			},
			{
				"name": "Country",
				"type": "varchar"
			},
			{
				"name": "Region",
				"type": "varchar"
			}
		],
		"typeProperties": {
			"schema": "dbo",
			"table": "tbl_null"
		}
	},
	"type": "Microsoft.DataFactory/factories/datasets"
}