{
	"name": "ds_source_null",
	"properties": {
		"linkedServiceName": {
			"referenceName": "AzureDataLakeStorage1",
			"type": "LinkedServiceReference"
		},
		"annotations": [],
		"type": "DelimitedText",
		"typeProperties": {
			"location": {
				"type": "AzureBlobFSLocation",
				"fileName": "nullRecords.csv",
				"folderPath": "input",
				"fileSystem": "mycontainer"
			},
			"columnDelimiter": ",",
			"escapeChar": "\\",
			"firstRowAsHeader": true,
			"quoteChar": "\""
		},
		"schema": [
			{
				"name": "id",
				"type": "String"
			},
			{
				"name": "SalePersonFName",
				"type": "String"
			},
			{
				"name": "SalePersonLName",
				"type": "String"
			},
			{
				"name": "ProductName",
				"type": "String"
			},
			{
				"name": "ItemsSold",
				"type": "String"
			},
			{
				"name": "SoldPrice",
				"type": "String"
			},
			{
				"name": "SoldDate",
				"type": "String"
			},
			{
				"name": "City",
				"type": "String"
			},
			{
				"name": "State",
				"type": "String"
			},
			{
				"name": "Country",
				"type": "String"
			},
			{
				"name": "Region",
				"type": "String"
			}
		]
	},
	"type": "Microsoft.DataFactory/factories/datasets"
}