{
	"name": "ds_sink_copy",
	"properties": {
		"linkedServiceName": {
			"referenceName": "AzureSqlDatabase1",
			"type": "LinkedServiceReference"
		},
		"parameters": {
			"TableName": {
				"type": "string",
				"defaultValue": "dbo.orders"
			}
		},
		"annotations": [],
		"type": "AzureSqlTable",
		"schema": [
			{
				"name": "OrderID",
				"type": "int",
				"precision": 10
			},
			{
				"name": "ProductID",
				"type": "varchar"
			},
			{
				"name": "CustomerID",
				"type": "varchar"
			},
			{
				"name": "UnitPrice",
				"type": "decimal",
				"precision": 10,
				"scale": 4
			},
			{
				"name": "Quantity",
				"type": "int",
				"precision": 10
			},
			{
				"name": "InsertDateTime",
				"type": "datetime",
				"precision": 23,
				"scale": 3
			}
		],
		"typeProperties": {
			"schema": "dbo",
			"table": {
				"value": "@dataset().TableName",
				"type": "Expression"
			}
		}
	},
	"type": "Microsoft.DataFactory/factories/datasets"
}