{
	"name": "df_covid",
	"properties": {
		"type": "MappingDataFlow",
		"typeProperties": {
			"sources": [
				{
					"dataset": {
						"referenceName": "ds_cases_deaths",
						"type": "DatasetReference"
					},
					"name": "sourceCasesDeaths"
				},
				{
					"dataset": {
						"referenceName": "ds_country_lookup",
						"type": "DatasetReference"
					},
					"name": "sourceCountryLookup"
				}
			],
			"sinks": [
				{
					"dataset": {
						"referenceName": "ds_sink_cleansed",
						"type": "DatasetReference"
					},
					"name": "sink1"
				}
			],
			"transformations": [
				{
					"name": "filter1"
				},
				{
					"name": "pivot1"
				},
				{
					"name": "lookup1"
				},
				{
					"name": "select2"
				}
			],
			"scriptLines": [
				"source(output(",
				"          country as string,",
				"          country_code as string,",
				"          continent as string,",
				"          population as integer,",
				"          indicator as string,",
				"          daily_count as integer,",
				"          date as date,",
				"          rate_14_day as integer,",
				"          source as string",
				"     ),",
				"     allowSchemaDrift: true,",
				"     validateSchema: false,",
				"     ignoreNoFilesFound: false) ~> sourceCasesDeaths",
				"source(output(",
				"          country as string,",
				"          country_code_2_digit as string,",
				"          country_code_3_digit as string,",
				"          continent as string,",
				"          population as integer",
				"     ),",
				"     allowSchemaDrift: true,",
				"     validateSchema: false,",
				"     ignoreNoFilesFound: false) ~> sourceCountryLookup",
				"sourceCasesDeaths filter(continent =='Europe' && not(isNull(country_code))) ~> filter1",
				"filter1 pivot(groupBy(country_code,",
				"          country,",
				"          continent,",
				"          population,",
				"          date),",
				"     pivotBy(indicator, ['confirmed cases', 'deaths']),",
				"     count = sum(daily_count),",
				"     columnNaming: '$N$V',",
				"     lateral: true) ~> pivot1",
				"pivot1, sourceCountryLookup lookup(pivot1@country == sourceCountryLookup@country,",
				"     multiple: false,",
				"     pickup: 'any',",
				"     broadcast: 'auto')~> lookup1",
				"lookup1 select(mapColumn(",
				"          country_code,",
				"          country = pivot1@country,",
				"          continent = pivot1@continent,",
				"          population = pivot1@population,",
				"          date,",
				"          {countconfirmed cases},",
				"          countdeaths,",
				"          country = sourceCountryLookup@country,",
				"          country_code_2_digit,",
				"          country_code_3_digit,",
				"          continent = sourceCountryLookup@continent,",
				"          population = sourceCountryLookup@population",
				"     ),",
				"     skipDuplicateMapInputs: true,",
				"     skipDuplicateMapOutputs: true) ~> select2",
				"select2 sink(allowSchemaDrift: true,",
				"     validateSchema: false,",
				"     partitionFileNames:['cleansedfile.csv'],",
				"     umask: 0022,",
				"     preCommands: [],",
				"     postCommands: [],",
				"     skipDuplicateMapInputs: true,",
				"     skipDuplicateMapOutputs: true,",
				"     mapColumn(",
				"          country_code,",
				"          country,",
				"          continent,",
				"          population,",
				"          date,",
				"          {countconfirmed cases},",
				"          countdeaths,",
				"          country_code_2_digit,",
				"          country_code_3_digit",
				"     ),",
				"     partitionBy('hash', 1)) ~> sink1"
			]
		}
	}
}