{
	"name": "df_scdtype1",
	"properties": {
		"type": "MappingDataFlow",
		"typeProperties": {
			"sources": [
				{
					"dataset": {
						"referenceName": "ds_empsource_scdtype1",
						"type": "DatasetReference"
					},
					"name": "empsourcefile"
				}
			],
			"sinks": [
				{
					"dataset": {
						"referenceName": "ds_empsql_typescd1",
						"type": "DatasetReference"
					},
					"name": "sink1"
				}
			],
			"transformations": [
				{
					"name": "alterRow1"
				}
			],
			"scriptLines": [
				"source(output(",
				"          empid as integer,",
				"          empname as string,",
				"          gender as string,",
				"          country as string",
				"     ),",
				"     allowSchemaDrift: true,",
				"     validateSchema: false,",
				"     ignoreNoFilesFound: false) ~> empsourcefile",
				"empsourcefile alterRow(upsertIf(1==1)) ~> alterRow1",
				"alterRow1 sink(allowSchemaDrift: true,",
				"     validateSchema: false,",
				"     input(",
				"          empid as integer,",
				"          empname as string,",
				"          gender as string,",
				"          country as string",
				"     ),",
				"     deletable:false,",
				"     insertable:false,",
				"     updateable:false,",
				"     upsertable:true,",
				"     keys:['empid'],",
				"     format: 'table',",
				"     skipDuplicateMapInputs: true,",
				"     skipDuplicateMapOutputs: true,",
				"     errorHandlingOption: 'stopOnFirstError',",
				"     mapColumn(",
				"          empid,",
				"          empname,",
				"          gender,",
				"          country",
				"     )) ~> sink1"
			]
		}
	}
}